,date,home_team,away_team,home_result,away_result,junior_won,relevance
0,2019-10-09,JUNIOR,DEPORTIVO CALI,3,0,WON,MEDIUM
1,2019-10-06,ATL. NACIONAL,JUNIOR,0,1,WON,HIGH
2,2019-10-03,JUNIOR,LA EQUIDAD,1,0,WON,LOW
3,2019-09-30,U. MAGDALENA,JUNIOR,1,1,DRAW,HIGH
4,2019-09-22,JUNIOR,JAGUARES DE CÓRDOBA,3,0,WON,LOW
5,2019-09-15,ATL. HUILA,JUNIOR,1,1,DRAW,LOW
6,2019-10-25,JUNIOR,DEPORTIVO CALI,2,2,DRAW,MEDIUM
7,2019-09-07,JUNIOR,U. MAGDALENA,1,0,WON,HIGH
8,2019-09-01,ATL. BUCARAMANGA,JUNIOR,0,0,DRAW,LOW
9,2019-08-29,DEPORTIVO CALI,JUNIOR,2,1,LOST,MEDIUM
10,2019-08-24,JUNIOR,ONCE CALDAS,0,1,LOST,MEDIUM
11,2019-08-21,ENVIGADO,JUNIOR,0,0,DRAW,LOW
12,2019-08-18,JUNIOR,IND. SANTA FE,1,0,WON,MEDIUM
13,2019-08-15,ATL. BUCARAMANGA,JUNIOR,1,2,WON,LOW
14,2019-08-11,RIONEGRO ÁGUILAS,JUNIOR,1,0,LOST,LOW
15,2019-08-08,JUNIOR,ATL. BUCARAMANGA,2,0,WON,LOW
16,2019-08-04,JUNIOR,AMÉRICA DE CALI,0,1,LOST,HIGH
17,2019-07-28,IND. MEDELLÍN,JUNIOR,0,1,WON,LOW
18,2019-07-21,PATRIOTAS,JUNIOR,2,0,LOST,LOW
19,2019-07-13,JUNIOR,TOLIMA,1,0,WON,LOW
20,2019-10-25,DEP. PASTO,JUNIOR,1,1,DRAW,LOW
21,2019-06-08,JUNIOR,DEP. PASTO,1,0,WON,LOW
22,2019-06-05,ATL. NACIONAL,JUNIOR,2,3,WON,HIGH
23,2019-06-02,JUNIOR,DEPORTIVO CALI,2,0,WON,MEDIUM
24,2019-05-26,TOLIMA,JUNIOR,1,1,DRAW,LOW
25,2019-05-19,JUNIOR,TOLIMA,1,1,DRAW,LOW
26,2019-05-16,DEPORTIVO CALI,JUNIOR,1,2,WON,MEDIUM
27,2019-05-12,JUNIOR,ATL. NACIONAL,0,0,DRAW,HIGH
28,2019-05-08,JUNIOR (COL),MELGAR (PER),0,1,DRAW,LOW
29,2019-05-05,CÚCUTA,JUNIOR,2,1,LOST,LOW
30,2019-05-02,JUNIOR,ALIANZA PETROLERA,1,1,DRAW,LOW
31,2019-04-28,MILLONARIOS,JUNIOR,2,0,LOST,HIGH
32,2019-04-25,JUNIOR (COL),SAN LORENZO (ARG),1,0,DRAW,MEDIUM
33,2019-04-21,JUNIOR,DEP. PASTO,0,0,DRAW,LOW
34,2019-04-17,DEPORTIVO CALI,JUNIOR,0,0,DRAW,MEDIUM
35,2019-04-14,JUNIOR,ATL. NACIONAL,0,0,DRAW,HIGH
36,2019-04-10,PALMEIRAS (BRA),JUNIOR (COL),3,0,DRAW,HIGH
37,2019-04-06,LA EQUIDAD,JUNIOR,2,2,DRAW,LOW
38,2019-04-02,MELGAR (PER),JUNIOR (COL),1,0,DRAW,LOW
39,2019-03-30,JAGUARES DE CÓRDOBA,JUNIOR,1,1,DRAW,LOW
40,2019-03-27,JUNIOR,U. MAGDALENA,1,1,DRAW,HIGH
41,2019-03-24,JUNIOR,ATL. HUILA,3,0,WON,LOW
42,2019-03-17,U. MAGDALENA,JUNIOR,1,1,DRAW,HIGH
43,2019-03-13,SAN LORENZO (ARG),JUNIOR (COL),1,0,DRAW,MEDIUM
44,2019-03-09,JUNIOR,ATL. BUCARAMANGA,0,0,DRAW,LOW
45,2019-03-06,JUNIOR (COL),PALMEIRAS (BRA),0,2,DRAW,HIGH
46,2019-03-02,ONCE CALDAS,JUNIOR,0,1,WON,MEDIUM
47,2019-02-27,JUNIOR,ENVIGADO,0,0,DRAW,LOW
48,2019-02-24,IND. SANTA FE,JUNIOR,3,3,DRAW,MEDIUM
49,2019-02-20,TOLIMA,JUNIOR,1,2,WON,LOW
50,2019-02-16,JUNIOR,RIONEGRO ÁGUILAS,1,1,DRAW,LOW
51,2019-02-10,AMÉRICA DE CALI,JUNIOR,0,1,WON,HIGH
52,2019-02-02,JUNIOR,IND. MEDELLÍN,3,2,WON,LOW
53,2019-01-30,JUNIOR,PATRIOTAS,3,1,WON,LOW
54,2019-10-25,TOLIMA,JUNIOR,0,2,WON,LOW
55,2019-01-23,JUNIOR,TOLIMA,1,2,LOST,LOW
56,2018-12-16,IND. MEDELLÍN,JUNIOR,3,1,LOST,LOW
57,2019-10-25,ATHLETICO-PR (BRA),JUNIOR (COL),2,1,DRAW,HIGH
58,2018-12-08,JUNIOR,IND. MEDELLÍN,4,1,WON,LOW
59,2018-12-05,JUNIOR (COL),ATHLETICO-PR (BRA),1,1,DRAW,HIGH
60,2018-11-29,JUNIOR (COL),IND. SANTA FE (COL),1,0,DRAW,MEDIUM
61,2018-11-25,JUNIOR,RIONEGRO ÁGUILAS,1,1,DRAW,LOW
62,2018-11-22,RIONEGRO ÁGUILAS,JUNIOR,2,3,WON,LOW
63,2018-11-18,LA EQUIDAD,JUNIOR,0,0,DRAW,LOW
64,2018-11-15,JUNIOR,LA EQUIDAD,1,0,WON,LOW
65,2018-11-11,JUNIOR,JAGUARES DE CÓRDOBA,1,2,LOST,LOW
66,2018-11-08,IND. SANTA FE (COL),JUNIOR (COL),0,2,DRAW,MEDIUM
67,2018-11-05,ALIANZA PETROLERA,JUNIOR,0,3,WON,LOW
68,2018-11-01,DEFENSA Y JUSTICIA (ARG),JUNIOR (COL),3,1,DRAW,LOW
69,2018-10-28,JUNIOR,AMÉRICA DE CALI,0,0,DRAW,HIGH
70,2018-10-25,JUNIOR (COL),DEFENSA Y JUSTICIA (ARG),2,0,DRAW,LOW
71,2018-10-21,ATL. NACIONAL,JUNIOR,1,0,LOST,HIGH
72,2018-10-17,JUNIOR,PATRIOTAS,4,0,WON,LOW
73,2018-10-13,IND. SANTA FE,JUNIOR,2,2,DRAW,MEDIUM
74,2018-10-09,JUNIOR,TOLIMA,4,3,WON,LOW
75,2018-10-04,COLÓN (ARG),JUNIOR (COL),1,1,DRAW,LOW
76,2018-09-29,LEONES,JUNIOR,2,2,DRAW,LOW
77,2018-09-26,JUNIOR (COL),COLÓN (ARG),1,0,DRAW,LOW
78,2018-09-22,JUNIOR,LA EQUIDAD,3,1,WON,LOW
79,2018-09-19,JUNIOR,ATL. NACIONAL,0,0,DRAW,HIGH
80,2018-09-16,ONCE CALDAS,JUNIOR,1,0,LOST,MEDIUM
81,2018-09-13,ATL. NACIONAL,JUNIOR,1,0,LOST,HIGH
82,2018-09-09,MILLONARIOS,JUNIOR,1,1,DRAW,HIGH
83,2018-09-06,JUNIOR,RIONEGRO ÁGUILAS,2,0,WON,LOW
84,2018-09-02,DEPORTIVO CALI,JUNIOR,1,0,LOST,MEDIUM
85,2018-08-30,QUINDÍO,JUNIOR,1,3,WON,LOW
86,2018-08-25,JUNIOR,IND. MEDELLÍN,2,1,WON,LOW
87,2018-08-18,BOYACÁ CHICÓ,JUNIOR,2,1,LOST,LOW
88,2018-08-15,JUNIOR,QUINDÍO,1,0,WON,LOW
89,2018-08-12,JUNIOR,ATL. HUILA,3,0,WON,LOW
90,2018-08-04,ENVIGADO,JUNIOR,0,1,WON,LOW
91,2018-07-29,JUNIOR,DEP. PASTO,3,0,WON,LOW
92,2019-10-25,JUNIOR (COL),LANÚS (ARG),2,0,DRAW,LOW
93,2018-07-21,ATL. BUCARAMANGA,JUNIOR,0,0,DRAW,LOW
94,2018-07-17,LANÚS (ARG),JUNIOR (COL),1,0,DRAW,LOW
95,2018-05-20,IND. MEDELLÍN,JUNIOR,2,2,DRAW,LOW
96,2018-05-16,PALMEIRAS (BRA),JUNIOR (COL),3,1,DRAW,HIGH
97,2018-05-13,JUNIOR,IND. MEDELLÍN,0,1,LOST,LOW
98,2018-05-06,JAGUARES DE CÓRDOBA,JUNIOR,1,2,WON,LOW
99,2018-05-02,JUNIOR (COL),BOCA JRS. (ARG),1,1,DRAW,HIGH
100,2018-04-29,JUNIOR,ALIANZA PETROLERA,0,0,DRAW,LOW
101,2018-04-26,JUNIOR (COL),ALIANZA LIMA (PER),1,0,DRAW,HIGH
102,2018-04-25,JUNIOR,ATL. NACIONAL,1,1,DRAW,HIGH
103,2018-04-22,AMÉRICA DE CALI,JUNIOR,2,2,DRAW,HIGH
104,2018-04-19,ALIANZA LIMA (PER),JUNIOR (COL),0,2,DRAW,HIGH
105,2018-04-15,PATRIOTAS,JUNIOR,1,0,LOST,LOW
106,2018-04-11,JUNIOR,IND. SANTA FE,1,1,DRAW,MEDIUM
107,2018-04-08,TOLIMA,JUNIOR,2,1,LOST,LOW
108,2018-04-04,BOCA JRS. (ARG),JUNIOR (COL),1,0,DRAW,HIGH
109,2018-03-31,JUNIOR,LEONES,1,0,WON,LOW
110,2018-03-28,LA EQUIDAD,JUNIOR,0,0,DRAW,LOW
111,2018-03-24,JUNIOR,ONCE CALDAS,3,0,WON,MEDIUM
112,2018-03-21,JUNIOR,ENVIGADO,0,3,LOST,LOW
113,2018-03-18,JUNIOR,MILLONARIOS,2,0,WON,HIGH
114,2018-03-15,RIONEGRO ÁGUILAS,JUNIOR,0,0,DRAW,LOW
115,2018-03-09,JUNIOR,DEPORTIVO CALI,2,1,WON,MEDIUM
116,2018-03-04,IND. MEDELLÍN,JUNIOR,1,2,WON,LOW
117,2018-03-01,JUNIOR (COL),PALMEIRAS (BRA),0,3,DRAW,HIGH
118,2018-02-25,JUNIOR,BOYACÁ CHICÓ,1,0,WON,LOW
119,2018-02-22,GUARANÍ (PAR),JUNIOR (COL),0,0,DRAW,LOW
120,2018-02-18,ATL. HUILA,JUNIOR,1,0,LOST,LOW
121,2018-02-15,JUNIOR (COL),GUARANÍ (PAR),1,0,DRAW,LOW
122,2018-02-11,DEP. PASTO,JUNIOR,2,0,LOST,LOW
123,2018-02-08,JUNIOR (COL),OLIMPIA (PAR),3,1,DRAW,HIGH
124,2018-02-04,JUNIOR,ATL. BUCARAMANGA,1,0,WON,LOW
125,2018-02-01,OLIMPIA (PAR),JUNIOR (COL),1,0,DRAW,HIGH
126,2019-10-25,JUNIOR,AMÉRICA DE CALI,2,3,LOST,HIGH
127,2017-11-30,JUNIOR (COL),FLAMENGO (BRA),0,2,DRAW,HIGH
128,2017-11-27,AMÉRICA DE CALI,JUNIOR,0,0,DRAW,HIGH
129,2017-11-23,FLAMENGO (BRA),JUNIOR (COL),2,1,DRAW,HIGH
130,2017-11-19,JUNIOR,DEP. PASTO,1,0,WON,LOW
131,2017-11-15,JUNIOR,RIONEGRO ÁGUILAS,2,2,DRAW,LOW
132,2017-11-12,PATRIOTAS,JUNIOR,1,0,LOST,LOW
133,2017-11-08,JUNIOR,IND. MEDELLÍN,2,0,WON,LOW
134,2017-11-05,TOLIMA,JUNIOR,2,2,DRAW,LOW
135,2017-11-02,JUNIOR (COL),SPORT RECIFE (BRA),0,0,DRAW,LOW
136,2017-10-30,ATL. BUCARAMANGA,JUNIOR,1,3,WON,LOW
137,2017-10-26,SPORT RECIFE (BRA),JUNIOR (COL),0,2,DRAW,LOW
138,2017-10-21,JUNIOR,IND. SANTA FE,0,1,LOST,MEDIUM
139,2017-10-18,IND. MEDELLÍN,JUNIOR,1,1,DRAW,LOW
140,2017-10-15,IND. MEDELLÍN,JUNIOR,1,2,WON,LOW
141,2017-10-11,JUNIOR,PATRIOTAS,1,0,WON,LOW
142,2017-10-08,PATRIOTAS,JUNIOR,1,1,DRAW,LOW
143,2017-09-30,JUNIOR,DEPORTIVO CALI,1,0,WON,MEDIUM
144,2017-09-19,JUNIOR (COL),CERRO PORTEÑO (PAR),3,1,DRAW,LOW
145,2017-09-16,JUNIOR,TIGRES,2,0,WON,LOW
146,2017-09-12,CERRO PORTEÑO (PAR),JUNIOR (COL),0,0,DRAW,LOW
147,2017-09-03,CORTULUÁ,JUNIOR,1,0,LOST,LOW
148,2017-08-26,ONCE CALDAS,JUNIOR,3,2,LOST,MEDIUM
149,2017-08-23,JUNIOR,MILLONARIOS,1,0,WON,HIGH
150,2017-08-20,JUNIOR,ONCE CALDAS,3,0,WON,MEDIUM
151,2017-08-17,ATL. HUILA,JUNIOR,1,1,DRAW,LOW
152,2017-08-12,JUNIOR,ENVIGADO,2,0,WON,LOW
153,2017-08-09,MILLONARIOS,JUNIOR,0,0,DRAW,HIGH
154,2017-08-06,MILLONARIOS,JUNIOR,1,2,WON,HIGH
155,2019-10-25,JUNIOR (COL),DEPORTIVO CALI (COL),2,1,DRAW,MEDIUM
156,2017-07-30,JUNIOR,ATL. NACIONAL,2,0,WON,HIGH
157,2017-07-27,JUNIOR,ONCE CALDAS,3,0,WON,MEDIUM
158,2017-07-24,ALIANZA PETROLERA,JUNIOR,1,0,LOST,LOW
159,2017-07-20,JUNIOR,AMÉRICA DE CALI,3,0,WON,HIGH
160,2017-07-16,JAGUARES DE CÓRDOBA,JUNIOR,0,1,WON,LOW
161,2017-07-13,DEPORTIVO CALI (COL),JUNIOR (COL),1,1,DRAW,MEDIUM
162,2017-07-09,JUNIOR,LA EQUIDAD,3,0,WON,LOW
163,2017-07-05,ONCE CALDAS,JUNIOR,0,1,WON,MEDIUM
164,2017-06-28,JAGUARES DE CÓRDOBA,JUNIOR,0,1,WON,LOW
165,2017-05-28,DEP. PASTO,JUNIOR,1,2,WON,LOW
166,2017-05-21,JUNIOR,TOLIMA,1,0,WON,LOW
167,2017-05-17,JUNIOR,REAL CARTAGENA,1,2,LOST,LOW
168,2017-05-14,RIONEGRO ÁGUILAS,JUNIOR,1,0,LOST,LOW
169,2017-05-10,JUNIOR,ATL. BUCARAMANGA,3,1,WON,LOW
170,2017-05-07,IND. SANTA FE,JUNIOR,1,0,LOST,MEDIUM
171,2017-05-03,BARRANQUILLA,JUNIOR,2,2,DRAW,LOW
172,2017-04-30,JUNIOR,IND. MEDELLÍN,2,0,WON,LOW
173,2017-04-26,ATL. NACIONAL,JUNIOR,2,1,LOST,HIGH
174,2017-04-22,DEPORTIVO CALI,JUNIOR,3,1,LOST,MEDIUM
175,2017-04-18,JUNIOR,PATRIOTAS,0,0,DRAW,LOW
176,2017-04-12,JUNIOR,JAGUARES DE CÓRDOBA,2,0,WON,LOW
177,2017-04-08,TIGRES,JUNIOR,1,0,LOST,LOW
178,2017-04-01,JUNIOR,CORTULUÁ,2,1,WON,LOW
179,2017-03-29,JUNIOR,MILLONARIOS,1,1,DRAW,HIGH
180,2017-03-25,JUNIOR,JAGUARES DE CÓRDOBA,1,2,LOST,LOW
181,2017-03-18,JUNIOR,ONCE CALDAS,3,0,WON,MEDIUM
182,2017-03-15,JUNIOR,BARRANQUILLA,2,1,WON,LOW
183,2017-03-12,ONCE CALDAS,JUNIOR,3,3,DRAW,MEDIUM
184,2017-03-09,REAL CARTAGENA,JUNIOR,0,2,WON,LOW
185,2017-03-05,JUNIOR,ATL. HUILA,3,3,DRAW,LOW
186,2017-03-02,ENVIGADO,JUNIOR,0,0,DRAW,LOW
187,2017-02-23,ATL. TUCUMÁN (ARG),JUNIOR (COL),3,1,DRAW,LOW
188,2017-02-19,JUNIOR,ALIANZA PETROLERA,1,2,LOST,LOW
189,2017-02-16,JUNIOR (COL),ATL. TUCUMÁN (ARG),1,0,DRAW,LOW
190,2017-02-11,AMÉRICA DE CALI,JUNIOR,3,1,LOST,HIGH
191,2017-02-07,JUNIOR (COL),CARABOBO (VEN),3,0,DRAW,LOW
192,2017-02-04,LA EQUIDAD,JUNIOR,1,0,LOST,LOW
193,2017-01-31,CARABOBO (VEN),JUNIOR (COL),0,1,DRAW,LOW
194,2016-11-20,JUNIOR,LA EQUIDAD,2,1,WON,LOW
195,2016-11-17,JUNIOR,ATL. NACIONAL,0,1,LOST,HIGH
196,2016-11-13,ATL. NACIONAL,JUNIOR,2,1,LOST,HIGH
197,2016-11-09,ATL. NACIONAL,JUNIOR,2,2,DRAW,HIGH
198,2016-11-06,CORTULUÁ,JUNIOR,1,2,WON,LOW
199,2016-11-03,JUNIOR,MILLONARIOS,2,1,WON,HIGH
200,2016-10-29,JUNIOR,ENVIGADO,2,1,WON,LOW
201,2016-10-26,CHAPECOENSE (BRA),JUNIOR (COL),3,0,DRAW,MEDIUM
202,2016-10-22,DEPORTIVO CALI,JUNIOR,2,0,LOST,MEDIUM
203,2016-10-19,JUNIOR (COL),CHAPECOENSE (BRA),1,0,DRAW,MEDIUM
204,2016-10-15,ATL. BUCARAMANGA,JUNIOR,3,0,LOST,LOW
205,2019-10-25,JUNIOR,TOLIMA,3,2,WON,LOW
206,2016-10-08,PATRIOTAS,JUNIOR,3,2,LOST,LOW
207,2016-10-04,TOLIMA,JUNIOR,0,0,DRAW,LOW
208,2019-10-25,JUNIOR (COL),WANDERERS (URU),1,0,DRAW,LOW
209,2016-09-25,BOYACÁ CHICÓ,JUNIOR,2,2,DRAW,LOW
210,2016-09-21,WANDERERS (URU),JUNIOR (COL),0,0,DRAW,LOW
211,2016-09-17,JUNIOR,ONCE CALDAS,0,1,LOST,MEDIUM
212,2016-09-14,JUNIOR (COL),BLOOMING (BOL),1,1,DRAW,LOW
213,2016-09-10,JUNIOR,FORTALEZA,1,2,LOST,LOW
214,2016-09-07,ATL. HUILA,JUNIOR,3,1,LOST,LOW
215,2016-09-04,JAGUARES DE CÓRDOBA,JUNIOR,0,0,DRAW,LOW
216,2016-08-31,IND. MEDELLÍN,JUNIOR,1,2,WON,LOW
217,2016-08-28,JUNIOR,JAGUARES DE CÓRDOBA,1,0,WON,LOW
218,2016-08-25,JUNIOR,IND. MEDELLÍN,3,0,WON,LOW
219,2016-08-23,BLOOMING (BOL),JUNIOR (COL),0,2,DRAW,LOW
220,2016-08-20,TOLIMA,JUNIOR,1,1,DRAW,LOW
221,2016-08-16,JUNIOR (COL),LARA (VEN),2,1,DRAW,LOW
222,2016-08-13,JUNIOR,RIONEGRO ÁGUILAS,1,1,DRAW,LOW
223,2016-08-09,LARA (VEN),JUNIOR (COL),1,3,DRAW,LOW
224,2019-10-25,DEP. PASTO,JUNIOR,0,2,WON,LOW
225,2016-07-30,JUNIOR,ALIANZA PETROLERA,2,0,WON,LOW
226,2016-07-27,JUNIOR,DEP. PASTO,1,2,LOST,LOW
227,2016-07-23,DEP. PASTO,JUNIOR,1,1,DRAW,LOW
228,2016-07-17,JUNIOR,IND. SANTA FE,2,1,WON,MEDIUM
229,2016-07-09,JUNIOR,IND. MEDELLÍN,1,1,DRAW,LOW
230,2016-06-19,IND. MEDELLÍN,JUNIOR,2,0,LOST,LOW
231,2016-06-15,JUNIOR,IND. MEDELLÍN,1,1,DRAW,LOW
232,2019-10-25,ATL. NACIONAL,JUNIOR,0,1,WON,HIGH
233,2016-06-08,JUNIOR,ATL. NACIONAL,1,1,DRAW,HIGH
234,2019-10-25,MILLONARIOS,JUNIOR,4,3,LOST,HIGH
235,2016-06-02,JUNIOR,MILLONARIOS,2,0,WON,HIGH
236,2016-05-28,LA EQUIDAD,JUNIOR,0,0,DRAW,LOW
237,2016-05-21,JUNIOR,CORTULUÁ,2,1,WON,LOW
238,2016-05-14,ENVIGADO,JUNIOR,1,1,DRAW,LOW
239,2016-05-07,JUNIOR,DEPORTIVO CALI,2,0,WON,MEDIUM
240,2016-05-01,JUNIOR,ATL. BUCARAMANGA,1,1,DRAW,LOW
241,2016-04-27,MILLONARIOS,JUNIOR,3,1,LOST,HIGH
242,2016-04-23,JUNIOR,BOYACÁ CHICÓ,1,1,DRAW,LOW
243,2016-04-17,ONCE CALDAS,JUNIOR,0,0,DRAW,MEDIUM
244,2016-04-09,JUNIOR,ATL. NACIONAL,3,3,DRAW,HIGH
245,2016-04-03,FORTALEZA,JUNIOR,1,2,WON,LOW
246,2016-03-23,IND. SANTA FE,JUNIOR,3,2,LOST,MEDIUM
247,2016-03-19,JAGUARES DE CÓRDOBA,JUNIOR,0,2,WON,LOW
248,2016-03-13,JUNIOR,TOLIMA,2,1,WON,LOW
249,2016-03-06,RIONEGRO ÁGUILAS,JUNIOR,2,1,LOST,LOW
250,2016-02-28,JUNIOR,JAGUARES DE CÓRDOBA,1,0,WON,LOW
251,2016-02-25,ALIANZA PETROLERA,JUNIOR,1,2,WON,LOW
252,2016-02-20,JUNIOR,DEP. PASTO,2,2,DRAW,LOW
253,2016-02-14,JUNIOR,PATRIOTAS,1,0,WON,LOW
254,2016-02-06,IND. MEDELLÍN,JUNIOR,0,1,WON,LOW
255,2016-01-30,JUNIOR,ATL. HUILA,1,0,WON,LOW
256,2019-10-25,ATL. NACIONAL,JUNIOR,2,0,LOST,HIGH
257,2015-12-16,JUNIOR,ATL. NACIONAL,2,1,WON,HIGH
258,2015-12-13,JUNIOR,TOLIMA,1,0,WON,LOW
259,2015-12-10,TOLIMA,JUNIOR,0,1,WON,LOW
260,2015-12-06,JUNIOR,IND. SANTA FE,3,1,WON,MEDIUM
261,2015-11-28,IND. SANTA FE,JUNIOR,2,1,LOST,MEDIUM
262,2015-11-22,JUNIOR,BOYACÁ CHICÓ,6,0,WON,LOW
263,2015-11-19,IND. SANTA FE,JUNIOR,1,0,LOST,MEDIUM
264,2015-11-11,JUNIOR,IND. SANTA FE,2,0,WON,MEDIUM
265,2015-11-07,ATL. HUILA,JUNIOR,2,2,DRAW,LOW
266,2015-11-01,TOLIMA,JUNIOR,2,0,LOST,LOW
267,2015-10-29,JUNIOR,IND. MEDELLÍN,2,0,WON,LOW
268,2015-10-17,JUNIOR,ATL. NACIONAL,0,4,LOST,HIGH
269,2015-10-10,ENVIGADO,JUNIOR,0,1,WON,LOW
270,2015-10-03,IND. SANTA FE,JUNIOR,3,0,LOST,MEDIUM
271,2019-10-25,IND. MEDELLÍN,JUNIOR,2,2,DRAW,LOW
272,2015-09-27,JUNIOR,DEP. PASTO,2,0,WON,LOW
273,2015-09-23,JUNIOR,IND. MEDELLÍN,2,1,WON,LOW
274,2015-09-20,JUNIOR,ALIANZA PETROLERA,2,1,WON,LOW
275,2015-09-17,JUNIOR (COL),TOLIMA (COL),0,2,DRAW,LOW
276,2015-09-12,RIONEGRO ÁGUILAS,JUNIOR,0,2,WON,LOW
277,2015-09-09,MILLONARIOS,JUNIOR,1,2,WON,HIGH
278,2015-09-05,JUNIOR,UNIAUTONOMA,0,2,LOST,LOW
279,2015-09-02,TOLIMA,JUNIOR,1,1,DRAW,LOW
280,2015-08-30,JUNIOR,DEPORTIVO CALI,3,1,WON,MEDIUM
281,2015-08-26,TOLIMA (COL),JUNIOR (COL),0,1,DRAW,LOW
282,2015-08-22,UNIAUTONOMA,JUNIOR,2,3,WON,LOW
283,2015-08-18,MELGAR (PER),JUNIOR (COL),4,0,DRAW,LOW
284,2015-08-15,JUNIOR,LA EQUIDAD,1,1,DRAW,LOW
285,2015-08-12,JUNIOR (COL),MELGAR (PER),5,0,DRAW,LOW
286,2015-08-08,JAGUARES DE CÓRDOBA,JUNIOR,0,1,WON,LOW
287,2015-08-05,JUNIOR,TOLIMA,2,1,WON,LOW
288,2015-08-02,PATRIOTAS,JUNIOR,1,0,LOST,LOW
289,2015-07-29,JUNIOR,ATL. NACIONAL,2,0,WON,HIGH
290,2015-07-26,JUNIOR,CORTULUÁ,1,2,LOST,LOW
291,2015-07-19,ONCE CALDAS,JUNIOR,1,1,DRAW,MEDIUM
292,2015-07-15,ATL. NACIONAL,JUNIOR,1,0,LOST,HIGH
293,2015-07-11,JUNIOR,CÚCUTA,2,0,WON,LOW
294,2015-05-24,IND. MEDELLÍN,JUNIOR,1,0,LOST,LOW
295,2019-10-25,JUNIOR,IND. MEDELLÍN,0,3,LOST,LOW
296,2015-05-17,BOYACÁ CHICÓ,JUNIOR,0,2,WON,LOW
297,2015-05-10,JUNIOR,ATL. HUILA,0,1,LOST,LOW
298,2015-05-07,REAL CARTAGENA,JUNIOR,1,0,LOST,LOW
299,2015-05-02,JUNIOR,TOLIMA,1,1,DRAW,LOW
300,2015-04-29,JUNIOR,UNIAUTONOMA,1,1,DRAW,LOW
301,2015-04-25,IND. MEDELLÍN,JUNIOR,1,2,WON,LOW
302,2015-04-18,ATL. NACIONAL,JUNIOR,2,2,DRAW,HIGH
303,2015-04-15,UNIAUTONOMA,JUNIOR,0,2,WON,LOW
304,2015-04-12,JUNIOR,IND. SANTA FE,3,1,WON,MEDIUM
305,2015-04-09,DEP. PASTO,JUNIOR,0,0,DRAW,LOW
306,2015-04-05,ALIANZA PETROLERA,JUNIOR,0,0,DRAW,LOW
307,2015-03-29,JUNIOR,RIONEGRO ÁGUILAS,1,1,DRAW,LOW
308,2015-03-25,JUNIOR,PATRIOTAS,2,0,WON,LOW
309,2015-03-22,JUNIOR,MILLONARIOS,2,0,WON,HIGH
310,2015-03-19,BARRANQUILLA,JUNIOR,2,2,DRAW,LOW
311,2015-03-15,UNIAUTONOMA,JUNIOR,0,2,WON,LOW
312,2015-03-12,DEPORTIVO CALI,JUNIOR,3,2,LOST,MEDIUM
313,2015-03-08,JUNIOR,UNIAUTONOMA,2,1,WON,LOW
314,2015-03-04,JUNIOR,BARRANQUILLA,2,2,DRAW,LOW
315,2015-02-28,JUNIOR,ENVIGADO,0,0,DRAW,LOW
316,2015-02-25,LA EQUIDAD,JUNIOR,1,0,LOST,LOW
317,2015-02-21,JUNIOR,JAGUARES DE CÓRDOBA,4,0,WON,LOW
318,2015-02-18,JUNIOR,REAL CARTAGENA,2,1,WON,LOW
319,2015-02-12,CORTULUÁ,JUNIOR,2,0,LOST,LOW
320,2015-02-08,JUNIOR,ONCE CALDAS,2,1,WON,MEDIUM
321,2015-02-01,CÚCUTA,JUNIOR,1,0,LOST,LOW
322,2014-11-09,IND. SANTA FE,JUNIOR,1,0,LOST,MEDIUM
323,2014-11-02,JUNIOR,ONCE CALDAS,2,0,WON,MEDIUM
324,2014-10-30,IND. SANTA FE,JUNIOR,1,0,LOST,MEDIUM
325,2014-10-26,DEP. PASTO,JUNIOR,3,3,DRAW,LOW
326,2014-10-22,JUNIOR,IND. SANTA FE,0,0,DRAW,MEDIUM
327,2014-10-19,JUNIOR,ATL. NACIONAL,0,1,LOST,HIGH
328,2014-10-12,BOYACÁ CHICÓ,JUNIOR,2,0,LOST,LOW
329,2014-10-08,JUNIOR,VALLEDUPAR,4,2,WON,LOW
330,2014-10-05,JUNIOR,LA EQUIDAD,1,0,WON,LOW
331,2014-10-01,VALLEDUPAR,JUNIOR,2,3,WON,LOW
332,2014-09-27,ENVIGADO,JUNIOR,1,0,LOST,LOW
333,2014-09-24,JUNIOR,TOLIMA,1,0,WON,LOW
334,2014-09-20,MILLONARIOS,JUNIOR,0,0,DRAW,HIGH
335,2019-10-25,JUNIOR,LLANEROS,2,1,WON,LOW
336,2014-09-14,JUNIOR,UNIAUTONOMA,3,1,WON,LOW
337,2014-09-10,LLANEROS,JUNIOR,1,1,DRAW,LOW
338,2014-09-07,JUNIOR,ALIANZA PETROLERA,0,1,LOST,LOW
339,2014-09-03,JUNIOR,ATL. HUILA,4,3,WON,LOW
340,2014-08-31,DEPORTIVO CALI,JUNIOR,1,0,LOST,MEDIUM
341,2014-08-27,UNIAUTONOMA,JUNIOR,0,2,WON,LOW
342,2014-08-24,JUNIOR,IND. MEDELLÍN,0,1,LOST,LOW
343,2014-08-21,REAL CARTAGENA,JUNIOR,0,0,DRAW,LOW
344,2014-08-17,PATRIOTAS,JUNIOR,0,0,DRAW,LOW
345,2014-08-13,BARRANQUILLA,JUNIOR,1,4,WON,LOW
346,2014-08-10,JUNIOR,FORTALEZA,1,3,LOST,LOW
347,2014-08-06,VALLEDUPAR,JUNIOR,1,0,LOST,LOW
348,2014-08-02,RIONEGRO ÁGUILAS,JUNIOR,0,0,DRAW,LOW
349,2014-07-30,JUNIOR,U. MAGDALENA,1,1,DRAW,HIGH
350,2014-07-26,UNIAUTONOMA,JUNIOR,2,4,WON,LOW
351,2014-07-23,JUNIOR,UNIAUTONOMA,3,0,WON,LOW
352,2014-07-20,JUNIOR,MÓNACO,0,1,LOST,LOW
353,2014-07-12,U. MAGDALENA,JUNIOR,0,4,WON,HIGH
354,2014-07-09,JUNIOR,REAL CARTAGENA,1,1,DRAW,LOW
355,2014-07-06,JUNIOR,BARRANQUILLA,2,0,WON,LOW
356,2014-07-02,JUNIOR,VALLEDUPAR,3,2,WON,LOW
357,2019-10-25,ATL. NACIONAL,JUNIOR,3,1,LOST,HIGH
358,2014-05-18,JUNIOR,ATL. NACIONAL,1,0,WON,HIGH
359,2019-10-25,MILLONARIOS,JUNIOR,0,1,WON,HIGH
